id;first_name;last_name;contact_designation;email;phone_number;remarks;preferred_time;created_on;created_by;updated_on;updated_by
1;Filiberto;Upton;DISPATCHER;Ida_Sporer@gmail.com;40390;bus India;synthesizing;2020-05-25T09:11:33;Bedfordshire target;2020-05-25T08:07:18;payment
2;Theodore;Lehner;DISPATCHER;Laurel48@gmail.com;26979;Optimization neural Michigan;vertical Chair withdrawal;2020-05-26T05:24:40;Tasty;2020-05-26T02:28:14;blue
3;Emilia;Paucek;MANAGER;Betsy2@gmail.com;44023;software;program;2020-05-25T09:40:59;Walk;2020-05-25T22:55:48;reinvent alarm Handcrafted
4;Murphy;VonRueden;OWNER;Maximilian45@yahoo.com;2978;Lead transmit;channels Strategist;2020-05-25T19:41:35;South Georgia and the South Sandwich Islands;2020-05-25T14:22:59;Fantastic incentivize Point
5;Bernadine;Breitenberg;MANAGER;Ramona.Mitchell28@hotmail.com;98211;Bike secured line Grocery;deliverables;2020-05-25T21:38:21;Identity;2020-05-25T20:46:17;engage customized
6;Lera;Nienow;OWNER;Dell_Marvin11@yahoo.com;3184;invoice Assimilated dynamic;Expanded;2020-05-25T20:57:32;Baby bypass;2020-05-26T00:31:33;engineer recontextualize Bedfordshire
7;Arvilla;Russel;DISPATCHER;Lyla_Hermiston10@hotmail.com;17797;Garden Music;Dynamic back-end;2020-05-26T06:17:14;Cordoba Oro cross-media orchestrate;2020-05-25T08:08:36;Gloves Regional
8;Shanon;Rippin;DISPATCHER;Watson_Kertzmann@hotmail.com;44508;synergistic Cross-platform;withdrawal Auto Loan Account transmit;2020-05-25T14:22:39;Auto Loan Account;2020-05-26T03:41:34;Frozen
9;Dianna;Paucek;OWNER;Landen.Little@yahoo.com;56682;gold RAM Brooks;Generic Rubber Pizza;2020-05-25T19:21:47;Buckinghamshire back up;2020-05-25T09:06:06;vortals Buckinghamshire Rwanda Franc
10;Chelsey;Cremin;ACCOUNTANT;Judge92@hotmail.com;11480;index program;cyan;2020-05-25T11:05:00;turquoise overriding;2020-05-26T03:46:53;override Handmade Fresh Salad
