id;number;description;size;created_on;created_by;updated_on;updated_by
1;Data revolutionary withdrawal;Table;14301;2020-05-26T04:55:55;compress turquoise;2020-05-26T01:01:52;COM connect 3rd generation
2;Slovenia Computers Credit Card Account;Games Tuna;12356;2020-05-26T01:11:52;back-end Outdoors;2020-05-25T22:36:54;modular
3;Chips Lari magenta;e-business;12032;2020-05-25T15:20:05;Executive Triple-buffered generate;2020-05-26T04:16:05;Salad Trail
4;Borders redundant virtual;synthesize calculate;17802;2020-05-26T00:55:01;6th generation;2020-05-25T17:47:32;Tunnel Mozambique maximize
5;recontextualize cultivate Producer;Product;62224;2020-05-25T07:19:00;protocol;2020-05-25T13:31:10;Walk Intelligent Wooden Chicken Table
6;bluetooth;FTP neural;56910;2020-05-25T14:29:10;Heights Credit Card Account zero defect;2020-05-25T08:14:57;Automotive
7;Incredible;Northern Mariana Islands PCI Awesome;3883;2020-05-26T04:10:38;Integration generate transmit;2020-05-25T16:55:20;mobile
8;Global;Books Consultant;17266;2020-05-26T02:50:44;deposit;2020-05-25T22:27:53;Frozen Infrastructure
9;Electronics Awesome silver;Shoals Croatia;63992;2020-05-25T11:00:41;Wyoming real-time;2020-05-25T16:02:13;virtual Money Market Account Internal
10;index;Tools back-end;29900;2020-05-25T16:14:26;Lead navigating Practical;2020-05-26T04:36:12;matrix lavender
